21HombreElectronicaVolleyballVideojuegosPeliculasThrillerIntrovertid@,58
25HombreElectronicaFutbolVideojuegosAmbasAccionExtrovertid@,58
20MujerTodoSurfGuitarraSeriesThrillerExtrovertid@,107
23HombreHip hopNingunoFiestaSeriesComediaExtrovertid@,107
21MujerTrapNingunoPasar tiempo en la naturaleza AmbasRomanticas Extrovertid@,72
20MujerRockTennisTocar guitarraPeliculasComediaIntrovertid@,107
19MujerTechnoGimnasiaFotografiaSeriesTerrorExtrovertid@,107
23HombreMetalCalisteniaBateria SeriesComedia Introvertid@,107
21HombrePopCriketEstudiarPeliculasDramaIntrovertid@,72
22MujerRockBaloncestoCervezaAmbasThrillerExtrovertid@,222
25HombreReggeaton Surf Videojuegos SeriesAccion Extrovertid@,58
22MujerChillVolleyball LeerAmbasAccion Extrovertid@,222
21MujerReggaetonVolleyballTocar el saxofon AmbasComedia Extrovertid@,352
19MujerReggaeton VolleyballPasar con amigos AmbasRom-comsExtrovertid@,352
23MujerPopGimnasioLas peliculasAmbasSuspenseExtrovertid@,72
21MujerReggaetonNatacionNetflix SeriesThrillerIntrovertid@,72
21MujerPopEjercicio en casaEscribirSeriesAccionExtrovertid@,107
22MujerPopSenderismoSalir a tomar algoSeriesSitcomsExtrovertid@,107
21MujerHeavy metalNatacionScrapbookingAmbasSitcomsIntrovertid@,72
21MujerRapGimnasioMuchos AmbasThrillerExtrovertid@,72
22MujerHardcoreYogaFotografia PeliculasThrillerIntrovertid@,222
22HombrePopDeportes de montanaLa montanaAmbasComedia Extrovertid@,352
22MujerIndieNingunoCineAmbasDramaExtrovertid@,72
20MujerPopGimnasioHobbieSeriesComediaExtrovertid@,107
20MujertechnoNingunoReposteriaAmbasAmorIntrovertid@,72
20MujerPopCorrer Tejer SeriesComedias Extrovertid@,107
21MujerNo tengoGimansioLeerAmbasTerrorIntrovertid@,222
22MujerPopRugbyCineAmbasThriller Extrovertid@,222
21MujerPopNatacion BaileAmbasRomanticas Introvertid@,222
21MujerPopNinguno LeerAmbasRomanticas Extrovertid@,222
22MujerReggaeton Ninguno Ver series SeriesDrama Introvertid@,107
22MujerNo tengo Ninguno BailarAmbasCiencia ficcion Extrovertid@,72
22MujerNo tengo Ninguno BailarAmbasCiencia ficcion Extrovertid@,72
20MujerPopGimnasioCocinarAmbasDrama Extrovertid@,72
25HombreIndieVolleyballGamingSeriesDibujos animadosIntrovertid@,58
17MujerIndieVolleyballVideojuegos AmbasHistoria Introvertid@,222
23MujerPopPole danceBailarAmbasComediaExtrovertid@,352
19MujerRockBaileLeer AmbasDramaIntrovertid@,222
20MujerIndieNingunoCantarAmbasTerrorIntrovertid@,72
21MujerPopNingunoCantarAmbasRomanceIntrovertid@,72
21MujerPopDanzaLeerAmbasPoliciacasExtrovertid@,222
23MujerRockNingunoIdiomas AmbasSuspensoExtrovertid@,72
23HombrePunkAtletismo Dibujo SeriesDramaIntrovertid@,72
20MujerRockTennisTocar guitarraPeliculasComediaIntrovertid@,107
21MujerPopPilatesLeerAmbasMisterioExtrovertid@,222
25MujerPopNingunoTeatroAmbasThrillerExtrovertid@,72
19MujerElectronica Tocho bandera Tocho Bandera AmbasAccion Introvertid@,222
18MujerPopSenderismoEstar con mi familia SeriesDrama Extrovertid@,107
23Hombreindie NingunoFotografiaAmbasAccion Introvertid@,58
21MujerIndieVolleyballLeerAmbasRom-comsIntrovertid@,222
21MujerIndieNatacionEstar al aire libreSeriesRomanticasIntrovertid@,107
20MujerR&BCrossFitHacer ejercicioPeliculasSuspensoIntrovertid@,222
19MujerPopNingunoLa musicaPeliculasRomanticasExtrovertid@,107
19MujerIndieTenniscocinar AmbasSuspensoExtrovertid@,352
19HombreSkaFutbolPcAmbasAccionIntrovertid@,58
18HombreRapNingunoLeerAmbasMisterioIntrovertid@,58
22MujerIndieNingunoDibujarAmbasSuspensoIntrovertid@,72
20HombreTodoVolleyball EscribirAmbasDramaExtrovertid@,58
20HombreTodoFutbolLeerAmbasAccion Extrovertid@,58
22MujerPop NingunoPasar con mi familiaAmbasRom-comsExtrovertid@,107
20HombreTechnoCrossfitVer seriesAmbasAccion Introvertid@,58
22HombreRapFutbol Fotografia PeliculasThrillerIntrovertid@,222
21MujerRockVolleyball La musica PeliculasComediaExtrovertid@,352
19MujerElectronica Tocho bandera Tocho Bandera AmbasAccion Introvertid@,222
25HombreRockFutbol Fotografia AmbasComedia Extrovertid@,352
20MujerRockTennisTocar guitarraPeliculasComediaIntrovertid@,107
21MujerReggaetonVolleyballTocar el saxofon AmbasSuspenso Extrovertid@,222
21MujerElectronica Futbol EscribirAmbasAnimeExtrovertid@,222
21MujerReggaetonVolleyballEscuchar musica AmbasAccion Extrovertid@,222
21MujerIndieBaseballTocar el saxofon AmbasSuspensoExtrovertid@,222
21HombreCorridosFutbolVideojuegosPeliculasTerrorIntrovertid@,58
22HombreHouseGolfVideojuegosSeriesSuspensoExtrovertid@,58
21MujerPopNinguno Dibujar AmbasAnimeIntrovertid@,72
24HombreReggaeton Futbol Jugar a la consolaAmbasAccion Extrovertid@,58
20MujerReggaeton NingunoEscuchar musica PeliculasComediaExtrovertid@,107
25HombreTech HouseNingunoe-sportsAmbasTerror PsicologicoIntrovertid@,58
24HombreRockFutbolHacer deporte AmbasSuspenso Introvertid@,58
21HombreReaggeton BaseballVer peliculas AmbasComediaExtrovertid@,352
25HombreMetalFutbol GymAmbasThrillerIntrovertid@,58
25HombrePunkFutbolEl GimnasioSeriessuspensoExtrovertid@,58
22HombreRapFutbolHacer ejercicio AmbasAccionExtrovertid@,58
21MujerPopHitDibujarAmbasRomanceExtrovertid@,352
25HombreBandaFutbol VideojuegosAmbasTodosIntrovertid@,58
19MujerFlamenco BaileHobbieSeriesCriminal Extrovertid@,107
23HombreTrap CiclismoJugar Xbox AmbasComedia Extrovertid@,352
24HombreSalsaFutbolVideojuegosSeriesMisterioIntrovertid@,58
25HombreUrbanoRunningDeportesPeliculasPolicialIntrovertid@,58
22HombreReggaeton Futbol Cocinar AmbasAccion Extrovertid@,58
22HombreRock FutbolGimnasioAmbasThrillerExtrovertid@,58
19MujerR&BNingunoLeerPeliculasAccion Introvertid@,222
19MujerPop NingunoBailarAmbasAmorExtrovertid@,72
20MujerPopNingunoEstudiar japones PeliculasTerror Introvertid@,72
20MujerReggaeton Ninguno CocinarAmbasRomanticas Extrovertid@,72
19MujerLatinoVolleyball Estar con amigosAmbasComedia Extrovertid@,352
24MujerReggaetonGimnasia RitmicaViajarPeliculasSuspenseIntrovertid@,72
19MujerPopTennisLeerAmbasAccion Introvertid@,222
20MujerR&BVolleyballDibujarAmbasComediasIntrovertid@,352
19MujerAlternativoEsgrimaMusicaSeriesCrimenIntrovertid@,107
20MujerRockNinguno Cantar AmbasRom-comsIntrovertid@,72
19MujerRockKarateDibujarAmbasRom-comsIntrovertid@,352
19MujerIndependiente AtletismoCocinarAmbasRom-comsExtrovertid@,352
20MujerElectro latinoVolleyballLeerPeliculasRom-comsExtrovertid@,222
19MujerPopNingunoCorrerSeriesComediaExtrovertid@,107
19MujerPop EsgrimaTocar violin AmbasComediaIntrovertid@,352
20MujerPopVolleyball LeerAmbasAccionIntrovertid@,222
21MujerPopNinguno Dibujar AmbasAnimeIntrovertid@,72
19MujerPopNingunoCorrerSeriesComediaExtrovertid@,107
19MujerPopNingunoVer seriesSeriesComediaExtrovertid@,107
25HombreBandaFutbol VideoJuegosAmbasTodosIntrovertid@,58
19MujerReggaetonNingunoleerSeriescrimenExtrovertid@,107
19MujerPopGymLeerSeriesDramaExtrovertid@,107
19MujerPopNo practico LeerPeliculasRomanticasExtrovertid@,107
20MujerPopNingunoLeerSeriesRomanticasExtrovertid@,107
24HombreRockFutbolHacer deporte AmbasSuspenso Introvertid@,58
25HombreEDMGymPatinar con long AmbasComedia Extrovertid@,58
19MujerReggaetonNingunoleerSeriescrimenExtrovertid@,107
19MujerRapNadaToco guitarraSeriesComedia Extrovertid@,107
22HombreReggaeton Futbol Cocinar AmbasAccion Extrovertid@,58
25HombreMoombathonGimnasioDjPeliculasAccion Extrovertid@,58
25HombreBandaFutbol VideoJuegosAmbasTodosIntrovertid@,58
22HombreRockFutbolGimnasioAmbasCiencia ficcion Extrovertid@,58
21MujerPopRunningDormirAmbasRomanticasIntrovertid@,222
20MujerReggaetonGimnasioBaileSeriesCiencia ficcion Extrovertid@,107
19HombrePopFutbolLeerSeriesFantasiaIntrovertid@,58
19MujerRockYogaCineAmbasComedia romanticaExtrovertid@,352
18MujerRapJudoLa montanaPeliculasComediaExtrovertid@,352
19MujerPopZumbaVer seriesSeriesDrama Extrovertid@,107
18MujerNingunoBaloncesto DeportePeliculasDramaIntrovertid@,107
19HombreTrapBaloncestoBaloncestoAmbasSuspenseExtrovertid@,58
19MujerPopDeporte en casaEscuchar musicaSeriesAmor adolescenteExtrovertid@,107
18MujerPopNinguno Ver seriesSeriesDramaIntrovertid@,107
18HombrePopCaminar DocumentalesSeriesIntriga Introvertid@,107
19MujerIndieGimnasioLeerSeriesRomanticasIntrovertid@,107
20MujerPopBaloncesto LeerSeriesSuspensoIntrovertid@,222
19HombreElectronicaCorrerCocinarPeliculasCiencia ficcionIntrovertid@,58
18MujerPopAtletismoMusicaAmbasThrillerIntrovertid@,222
20HombreHip hopNatacionSenderismoAmbasAccionExtrovertid@,58
21MujerIndie Andar MusicaSeriesAccionExtrovertid@,107
21MujerIndieGimnasioLeerSeriesDramaIntrovertid@,72
19MujerPopVolleyballCorrerAmbasAccionIntrovertid@,222
18MujerRockNingunoBailarAmbasMisterioIntrovertid@,72
21MujerNo tengo Correr Maquillaje AmbasComedia Introvertid@,352
19HombreTrapBaloncestoBaloncestoAmbasSuspensoExtrovertid@,58
18MujerPopAerobicEl movilSeriesPoliciacasExtrovertid@,107
25MujerRockCapoeiraViajarAmbasComedia Extrovertid@,352
18MujerPopCiclismoLeerSeriesMedicasIntrovertid@,222
19MujerIndieNingunoVer seriesSeriesComediaIntrovertid@,107
19MujerRapGimnasioCosturaSeriesMisterio Extrovertid@,107
20HombreRockGimnasioLeerPeliculasHumorExtrovertid@,58
20MujerPopVelaMusicaSeriesJuvenilIntrovertid@,222
22MujerSalsaFutbol CosturaPeliculasComediaExtrovertid@,352
18HombrePopFutbol Futbol AmbasCiencia ficcion Extrovertid@,58
20HombreTodoFutbol PlayStation SeriesDrama crimen Introvertid@,58
19HombreElectronica Futbol PlayStation AmbasCiencia Ficcion Introvertid@,58
24HombreBaladas FutbolNetflix SeriesComedias romanticas Extrovertid@,58
19HombreTrapFutbol Video juegos AmbasComedia Introvertid@,352
20HombreReggaetonFutbol DibujarAmbasMisterioExtrovertid@,58
19HombreElectronica Futbol PlayStation AmbasTerrorExtrovertid@,58
22MujerPopVolleyball LeerAmbasRom-comsExtrovertid@,222
20HombrePopFootballDeportesSeriesMisterioExtrovertid@,58
19HombreReggaeton Futbol PlayStation AmbasCiencia ficcion Introvertid@,58
20HombreMusica urbanaVolleyball Videojuegos AmbasMisterioIntrovertid@,58
19HombreReguetonTennisVideojuegosSeriesDramaIntrovertid@,107
25HombreRockFutbolVer series SeriesThrillerExtrovertid@,58
20HombreReggaetonVolleyballDibujarPeliculasTodasExtrovertid@,58
19HombreElectronicaFutbolProgramarSeriesSuspensoExtrovertid@,58
20MujerUrbano PescaCocinarPeliculasComediaExtrovertid@,352
22HombrePopFutbol Futbol AmbasMisterioIntrovertid@,222
18HombreRockFutbolNetflixPeliculasTerrorExtrovertid@,58
20HombreRapFutbolVideojuegosSeriesComediaIntrovertid@,352
18HombreElectronica Futbol PlayStation AmbasAccion Extrovertid@,58
20HombreIndieFutbolEscuchar musicaAmbasDramaExtrovertid@,58
18HombreElectronica Futbol PlayStation AmbasAccion Extrovertid@,58
19MujerPopYogaLeerSeriesDramaExtrovertid@,107
22HombrePopFutbol Futbol AmbasMisterioIntrovertid@,222
25HombreEDMGymPatinar con long AmbasComedia Extrovertid@,58
21MujerIndieGimnasioNetflixAmbasIntrigaIntrovertid@,72
19MujerPopAtletismoViajarPeliculasIntrigaIntrovertid@,352
25MujerRockCapoeiraViajarAmbasComedia Extrovertid@,352
22MujerRockNatacionCantarSeriesMisterioIntrovertid@,222
22HombreRap Futbol PlayStation AmbasComedia Extrovertid@,352
19MujerReggaetonNingunoLeerSeriesIntrigaExtrovertid@,107
20MujerPopEjercicio en casaLeerAmbasRomanticasExtrovertid@,352
21HombreSalsaVolleyball CorrerSeriesAccionIntrovertid@,58
19MujerIndieYogaLeerSeriesMisterioExtrovertid@,107
22MujerReggaetonVolleyball LeerAmbasDramaIntrovertid@,222
20MujerCorridosNinguno Tocho Bandera AmbasMisterioExtrovertid@,72
20MujerElectronicaFutbol ViajarSeriesComedias romanticas Introvertid@,352
21MujerPopNingunoDibujarAmbasSuspensoExtrovertid@,72
19HombreIndiePilatesEl movilSeriesCriminal Extrovertid@,107
20MujerTechnoFutbol Videojuegos PeliculasTodasExtrovertid@,352
20MujerLatinoCapoeiraPcAmbasAccion Extrovertid@,222
24MujerChillGimnasioCosturaPeliculasTerrorExtrovertid@,72
25MujerPop YogaLeerSeriesFantasiaExtrovertid@,107
24HombrePopCorrer ViajarAmbasComedia Extrovertid@,352
21MujerPopFutbol LeerAmbasComediaExtrovertid@,352
20HombrePopBaileLeerAmbasAccionExtrovertid@,58
22HombreEDMFutbolVer seriesPeliculasAccion Extrovertid@,58
25MujerRockNingunoHobbieAmbascrimenExtrovertid@,72
24MujerMusica urbanaNingunoleerAmbasSuspensoIntrovertid@,222
18MujerPopVolleyball CocinarPeliculasCiencia ficcionExtrovertid@,352
21MujerR&BNinguno PlayStation SeriesThrillerIntrovertid@,72
23MujerRockGimnasiaLeerAmbasComedia Introvertid@,352
22MujerTrapHitLeer PeliculasDramaExtrovertid@,222
25MujerReggeaton RunningLeerSeriesDramaIntrovertid@,222
20HombrePopNingunoTocar el saxofon AmbasSuspensoExtrovertid@,72
22MujerPopNingunoReposteriaPeliculasComediaExtrovertid@,107
19HombreTrapFutbolLeerSeriesThriller Extrovertid@,58
21MujerPopFutbolBateria AmbasComediaIntrovertid@,352
20HombreRapGimnasioLeerSeriesThrillerIntrovertid@,58
22HombreR&BFutbol CocinarSeriesRomanceIntrovertid@,58
25HombreReggaetonNingunoBaileAmbasAccion Extrovertid@,58
18MujerReggaeton DanzaCorrerSeriesRom-comsExtrovertid@,107
21MujerMetalGymFotografiaPeliculasMisterioExtrovertid@,352
23MujerElectronica Volleyball CineAmbasMisterio Introvertid@,222
22MujerRockBaseballJugar a la consolaPeliculasPoliciacasExtrovertid@,352
23MujerR&BNingunoDormirAmbasComedia Extrovertid@,352
19MujerPopNadaScrapbookingAmbasSuspenso Introvertid@,222
20MujerPopFutbol GimnasioAmbasAccion Introvertid@,222
19HombreRockFutbol Dibujar AmbasAmorExtrovertid@,352
19HombreRockNingunoMusicaAmbasSuspensoExtrovertid@,58
22MujerEDMFutbol Dibujar AmbasComedia Introvertid@,352
21MujerPopFutbol LeerAmbasAccion Introvertid@,222
20HombrePopFootballLeerAmbasComedia Extrovertid@,58
19HombreRockZumbaVer seriesSeriesTerrorExtrovertid@,107
19HombreReggaetonBaileBaloncestoSeriesCiencia ficcion Extrovertid@,58
19MujerPopFutbolToco guitarraSeriesComedia romanticaExtrovertid@,352
22HombreReggaeton Tocho bandera Escuchar musica AmbasMisterioExtrovertid@,58
25MujerNo tengoNatacionTocar violin SeriesDramaExtrovertid@,107
19HombrePopNatacionLa montanaSeriesIntrigaExtrovertid@,107
19MujerPopNingunoVer seriesAmbasAccion Introvertid@,107
20MujerPopNingunoFotografia AmbasAccionIntrovertid@,72
21MujerRock Futbol NetflixAmbasAccionExtrovertid@,222
18HombreElectronica TennisVer series SeriesDramaIntrovertid@,107
21HombrePopFutbolCocinar AmbasRomanticasIntrovertid@,222
22HombreElectronicaVolleyballJugar Xbox SeriesMisterioExtrovertid@,58
22HombrePopGimnasia RitmicaLa montanaSeriesTerrorIntrovertid@,72
18MujertechnoRugbyNetflixAmbasComediaIntrovertid@,352
21MujerTrapVolleyballFotografiaAmbasDramaIntrovertid@,72
19MujerElectronicaNatacionEscuchar musicaAmbasCrimenExtrovertid@,352
22MujerRapFutbolPlayStation SeriesRomanticasExtrovertid@,352
21HombreElectronica GolfCocinar AmbasRomanticasExtrovertid@,58
18HombreReggaeton NingunoSalir a tomar algoAmbasCiencia ficcion Extrovertid@,58
21MujerTech HouseCiclismoLeerAmbasTerror Introvertid@,222
22HombrePunkFutbol LeerAmbasSuspenseExtrovertid@,58
21HombreRapCalisteniaPlayStation PeliculasCiencia ficcion Introvertid@,222
18MujerPopNingunoVideo juegos AmbasDrama Introvertid@,72
20MujerPopAerobicSenderismoSeriesDramaExtrovertid@,107
20MujerUrbano GimansioGymAmbasSuspensoExtrovertid@,352
19MujerPopNatacionLeerSeriesComediaExtrovertid@,107
22MujerRockNingunoTocar guitarraAmbasAccionExtrovertid@,72
21HombreElectro latinoNinguno DeportesSeriesRom-comsIntrovertid@,107
20HombreBandaDeportes de montanae-sportsPeliculasDrama Introvertid@,58
22MujerReggaetonNinguno DibujarAmbasAccion Extrovertid@,72
20MujerSalsaFutbol Estudiar japones SeriesComediaExtrovertid@,352
19MujerRockNingunoFutbol SeriesMedicasIntrovertid@,107
18MujerIndieFutbol Ver series AmbasSuspensoIntrovertid@,222
22HombrePopPescaCantar AmbasCiencia ficcion Extrovertid@,58
22MujerIndieBaloncestoLeerPeliculasAccionExtrovertid@,222
20HombreNingunoSurf GuitarraPeliculasTerrorExtrovertid@,58
19MujerPopNingunoCantarSeriesTodosIntrovertid@,107
20MujerTrapNingunoCocinarAmbasAmorIntrovertid@,72
21MujerPopVolleyball DjAmbasAccionIntrovertid@,222
22MujerPopTennisTeatroSeriescrimenIntrovertid@,72
19HombreTodoFutbolMusicaPeliculasSuspensoExtrovertid@,58
21MujerPopFutbolPasar con amigos AmbasRomanticas Introvertid@,222
21HombreTrap Volleyball VideojuegosPeliculasThrillerExtrovertid@,58
19MujerTodoVolleyball LeerPeliculasComediaIntrovertid@,107
21HombreReggaeton GimnasioVideojuegos AmbasThrillerExtrovertid@,58
19MujerPopVolleyballLeerAmbasComedia Introvertid@,352
19MujerRockFutbol ProgramarPeliculasHumorIntrovertid@,352
21HombreTechnoSenderismoFotografia PeliculasComedia Extrovertid@,107
21HombreReggaeton FutbolBaloncestoSeriesThrillerExtrovertid@,58
18MujerRockBaloncestoDeportesAmbasComediaExtrovertid@,352
19MujerPop Tocho bandera VideojuegosSeriesAccion Introvertid@,222
20HombreRapTennisNetflix SeriesThrillerExtrovertid@,58
22MujerPopTennisCocinarSeriesPoliciacasIntrovertid@,222
25HombreIndieVelaVideojuegosSeriesComediaExtrovertid@,107
21HombreRapGimnasioDibujarAmbasRomanticasExtrovertid@,72
25HombreIndieGimnasioBailarSeriesTodosIntrovertid@,58
20HombreMetalGimnasioHobbieAmbasAccion Introvertid@,58
25MujerReggaetonVolleyballVideojuegosAmbasAccion Introvertid@,222
20MujerTodoFutbolBailarAmbasComedia Extrovertid@,352
19HombreAlternativoFutbol DibujarAmbasComediaExtrovertid@,352
19HombreRockNingunoVideoJuegosAmbasComediaExtrovertid@,107
20MujerIndependiente CapoeiraPlayStation AmbasComedia Introvertid@,352
20MujerBandaFutbol VideojuegosAmbasRom-comsExtrovertid@,352
19MujerPopBaloncesto Escuchar musica AmbasDramaIntrovertid@,72
25MujerRapFutbol LeerAmbasMisterioIntrovertid@,222
20HombrePopFutbolEscribirAmbasRom-comsIntrovertid@,58
25HombrePopCrossFitVideojuegosAmbasTodosExtrovertid@,58
24MujerElectronica Futbol LeerPeliculasThrillerIntrovertid@,222
19MujerReguetonVolleyballTocar guitarraAmbasComedia Introvertid@,352
23HombrePopRunningDeporteAmbasTerrorExtrovertid@,58
19HombreRockBaloncestoBailarPeliculasIntrigaExtrovertid@,58
20MujerRockVolleyballEscribirSeriesRomanticasIntrovertid@,107
21MujerReggaeton Deporte en casaFutbol AmbasSitcomsExtrovertid@,222
19MujerPopEsgrimaHacer ejercicio AmbasRom-comsIntrovertid@,222
19HombreRapNinguno Patinar con long AmbasComediaExtrovertid@,107
19HombreReggaetonGymVideojuegos AmbasComedia Extrovertid@,352
19HombreElectronica VolleyballMaquillaje SeriesRomanticas Extrovertid@,107
19MujerSkaNinguno Ver seriesSeriesRomanticas Extrovertid@,107
21MujerPopNingunoViajarSeriesSuspenseIntrovertid@,72
18HombrePunkFutbolPasar con mi familiaAmbasComedia Extrovertid@,352
18MujerHip hopNingunoHacer deporte SeriesAccion Extrovertid@,107
18MujerRockAndar DibujarAmbasDibujos animadosIntrovertid@,72
22MujerRockNingunoMuchos AmbasDramaExtrovertid@,72
19HombreReggaetonTennisGimnasioAmbasThrillerIntrovertid@,58
24MujerHip hopNingunoPlayStation SeriesSuspenso Introvertid@,107
21MujerHeavy metalAtletismoLeerAmbasDrama Extrovertid@,222
19MujerPopFutbolVideojuegosSeriesRom-comsIntrovertid@,352
19MujerReggaeton JudoMusicaAmbasTerror PsicologicoIntrovertid@,222
20Mujerindie VolleyballCineAmbasCiencia Ficcion Extrovertid@,222
21MujerIndieGimnasioEscuchar musicaSeriesAccion Introvertid@,222
18HombrePopNingunoTocho Bandera AmbasSuspenso Extrovertid@,72
25MujerNo tengo GimnasioLeerPeliculasRom-comsExtrovertid@,107
22MujerRapPole danceMusicaAmbasComediaExtrovertid@,352
25HombreIndieNingunoGamingSeriesComediaExtrovertid@,107
23HombreIndieFutbolPlayStation AmbasSitcomsExtrovertid@,58
19HombreRockNingunoFotografia AmbasHistoria Extrovertid@,58
22MujerUrbanoEsgrimaCantarAmbasComediaExtrovertid@,352
19MujerPop CiclismoTocar guitarraSeriesAnimeIntrovertid@,72
22MujerRockNingunoEstudiarAmbasRomanticas Introvertid@,72
21MujerPopSenderismoLa musica PeliculasAccionIntrovertid@,222
20MujerPopYogaDibujarAmbasComedia Introvertid@,352
17MujerElectronica NingunoTocar el saxofon AmbasThrillerExtrovertid@,72
21MujerPopBaseballPasar tiempo en la naturaleza SeriesSuspenseIntrovertid@,222
20MujerRap Futbol VideoJuegosAmbasDramaIntrovertid@,222
18HombreIndieAtletismoFutbol PeliculasThrillerExtrovertid@,58
20MujerBandaFutbolHacer deporte PeliculasComediaExtrovertid@,107
22MujerNo tengo Futbol PlayStation AmbasAccion Introvertid@,222
25MujerTodoCorrer Ver seriesAmbasMisterioIntrovertid@,222
19MujerReggaetonCrossfitEstar con mi familia AmbasThrillerExtrovertid@,352
25MujerFlamenco NingunoFiestaAmbasDrama Introvertid@,72
22HombreElectronica FutbolEstar al aire libreAmbasIntrigaIntrovertid@,58
19HombreHouseVolleyballNetflix AmbasComediasExtrovertid@,352
19MujerRockVolleyballVideojuegosAmbasComedias Introvertid@,352
23HombrePopNatacionBailarPeliculasRom-comsIntrovertid@,222
24MujerReaggeton CriketLeerSeriesDramaIntrovertid@,222
25MujerIndieGimnasioDocumentalesAmbasDramaExtrovertid@,72
18MujerReggaetonVolleyballHacer ejercicioPeliculasJuvenilExtrovertid@,107
21HombrePopAtletismoIdiomas AmbasAnimeIntrovertid@,72
23HombrePopCaminar CorrerAmbasThrillerExtrovertid@,58
21MujerIndieNinguno cocinar AmbasComediaExtrovertid@,72
19MujerPopNinguno CineAmbasMisterioExtrovertid@,107
20MujerPopSurfDibujo AmbasIntriga Extrovertid@,72
21MujerRockFutbolCantarPeliculasSuspensoIntrovertid@,222
19HombreRockBaloncesto CocinarPeliculasRomanceIntrovertid@,58
20HombreBaladas GimnasioPatinar con long AmbasCiencia ficcion Extrovertid@,58
20MujerElectronicaFutbol Tejer AmbasAccion Introvertid@,222
23HombreReggaetonCorrerBailarSeriesCiencia ficcion Introvertid@,58
20MujerMoombathonKarateLeerAmbasAnimeIntrovertid@,222
19MujerPopFutbol ViajarAmbasComediaExtrovertid@,352
21MujerNo tengo Natacion Tocar el saxofon SeriesPolicialExtrovertid@,107
20MujerIndieVolleyballBailePeliculasAccion Extrovertid@,222
25HombrePopGymCosturaSeriesMisterioExtrovertid@,58
19MujerIndieTennisLeerSeriessuspensoIntrovertid@,222
19HombreRockAtletismo Ver peliculas AmbasAccion Introvertid@,58
20HombreHardcoreFutbolEscribirSeriesComedia Extrovertid@,58
25MujerReggaetonNo practico El GimnasioSeriesDrama crimen Introvertid@,222
25MujerReggaeton Ninguno La musicaAmbasAmor adolescenteExtrovertid@,72
22HombrePopFutbol CervezaSeriesSuspensoExtrovertid@,58
19HombrePopFutbol Las peliculasSeriesTerrorIntrovertid@,222
19HombreIndie GimnasioEstar con amigosAmbasMisterioExtrovertid@,58
21HombrePopNatacion CocinarSeriesThrillerIntrovertid@,72
20MujerPopTennisTeatroAmbasMisterioIntrovertid@,222
25HombreNo tengo Futbol Ver seriesAmbasComediaExtrovertid@,107
25MujerRockFutbolLa musicaSeriesSuspensoIntrovertid@,222
22MujerRockNingunoCantarAmbasComedia Introvertid@,352
18MujerNo tengo FutbolLeerSeriesComedias Extrovertid@,107
22HombreRockVolleyballBailarSeriesTerror PsicologicoExtrovertid@,58
23HombrePopCiclismoSalir a tomar algoSeriesCiencia Ficcion Extrovertid@,58
19HombreIndieNingunoEscuchar musica AmbasSuspenso Extrovertid@,58
20MujerPopCorrerVideojuegosAmbasAccionExtrovertid@,222
19MujerReggaetonNingunoPlayStation AmbasThrillerExtrovertid@,72
20MujerReaggeton VolleyballCantar AmbasAccion Extrovertid@,58
23MujerPopBaloncestoPlayStation SeriesMisterioIntrovertid@,107
19MujerElectronica AtletismoCineAmbasComedia Extrovertid@,352
20MujerReggaetonBaloncestoPasar con mi familiaAmbasCiencia ficcion Extrovertid@,222
22MujerRapTennisMuchos SeriesAccion Introvertid@,222
21MujerPopGimnasioTocar violin AmbasComediaIntrovertid@,352
18HombreIndieNinguno FotografiaPeliculasRomanticasExtrovertid@,107
18MujerReggaeton Futbol Fotografia AmbasComediaExtrovertid@,352
20HombreBaladas VolleyballPatinar con long AmbasRomanticasExtrovertid@,58
19HombreTrap Baloncesto Videojuegos AmbasComediaExtrovertid@,352
19MujerPopVolleyball ViajarSeriesRom-comsIntrovertid@,352
20HombrePopGimnasioPlayStation AmbasThrillerIntrovertid@,72
21HombreRockFutbolFutbol AmbasThrillerExtrovertid@,58
20HombreIndependiente NatacionBailarAmbasRom-comsIntrovertid@,58
21MujerIndieGimnasioLeerAmbasAccion Extrovertid@,222
19MujerPopFutbolVideo juegos PeliculasDrama Introvertid@,222
19HombreUrbano GimnasioTejer SeriesJuvenilIntrovertid@,107
19MujerNingunoKarateEscuchar musica SeriesSuspensoIntrovertid@,107
20MujerIndieFutbol CantarSeriesComediaExtrovertid@,352
22HombreTech HouseGimnasioVer seriesSeriesPoliciacasIntrovertid@,107
21HombreReggaeton NatacionTocho Bandera AmbasThrillerIntrovertid@,72
19MujerPopNingunoViajarPeliculasThrillerExtrovertid@,107
21HombrePopVolleyballPlayStation AmbasRom-comsIntrovertid@,58
22HombreRockGymVideojuegosSeriesPolicialIntrovertid@,58
20MujerIndieFutbolVideojuegos PeliculasComediaExtrovertid@,352
20HombrePopGimnasioEscribirSeriesIntrigaExtrovertid@,107
19HombreSkaCriketDeporteSeriesTodosIntrovertid@,107
19HombreIndieNingunoLeerSeriesAccionIntrovertid@,58
22HombreNo tengoCrossfitEl GimnasioAmbasComediaExtrovertid@,352
20MujerPopFutbol Ver seriesAmbassuspensoIntrovertid@,222
18MujerPopEsgrimaDeportesPeliculasMisterioExtrovertid@,107
22HombrePopNingunoSenderismoAmbasHistoria Introvertid@,72
20MujerRockAerobicBailarAmbasComediaExtrovertid@,352
20MujerTechnoNinguno e-sportsPeliculasAccionExtrovertid@,107
25MujerRapGimansioVideoJuegosPeliculasTerrorIntrovertid@,222
21MujerRockVolleyballGimnasioPeliculasDrama crimen Introvertid@,72
21MujerReggaeton Futbol PlayStation SeriesAmor adolescenteExtrovertid@,352
23MujerRockVelaVer series AmbasRomanticas Extrovertid@,107
22MujerReggaetonSenderismoHobbieAmbasTerror Introvertid@,222
21MujerPopCapoeiraLeerPeliculasDramaIntrovertid@,222
25MujerMoombathonTennisEstudiar japones SeriesRomanceIntrovertid@,107
22HombrePopNingunoDibujarAmbasIntrigaExtrovertid@,72
18MujerElectronicaNingunoTocar guitarraSeriesThrillerExtrovertid@,107
19HombreElectronica TennisCocinar AmbasTerrorIntrovertid@,72
19HombreRock VolleyballCocinarPeliculasDramaIntrovertid@,58
25HombreAlternativoNingunoDjSeriesSuspensoIntrovertid@,72
22HombreRockGimnasiaProgramarSeriesMisterioIntrovertid@,107
25Mujerindie NingunoVideojuegosAmbasComedia Extrovertid@,107
21HombreRockYogaLeerSeriesRomanticas Introvertid@,58
21MujerElectronica NatacionBaloncestoPeliculasSuspensoIntrovertid@,222
19MujerPop No practico Netflix AmbasComediaExtrovertid@,352
24MujerSalsaCaminar Futbol SeriesCiencia ficcion Extrovertid@,222
19HombrePunkSurf Ver series AmbasDramaExtrovertid@,107
21MujerReggaetonCalisteniaPasar tiempo en la naturaleza PeliculasDramaExtrovertid@,107
22MujerPopNinguno LeerPeliculascrimenIntrovertid@,72
18MujertechnoNatacionTocar guitarraAmbasAccion Introvertid@,222
19HombreRap NingunoDibujo AmbasAccion Extrovertid@,58
22MujerRapJudoGymSeriesRom-comsIntrovertid@,222
21MujerElectronicaEsgrimaVideojuegosAmbasCiencia ficcion Extrovertid@,222
19HombreBandaBaloncesto GuitarraSeriesComedia Introvertid@,107
19HombreIndieVolleyball Pasar con amigos AmbasComedia Introvertid@,352
21MujerPopVolleyballBailarAmbasAnimeExtrovertid@,72
18HombreRockCiclismoEscuchar musicaAmbasAccionExtrovertid@,58
21MujerPopCrossFitLeerPeliculasDrama Extrovertid@,222
23HombreHardcoreTocho bandera Estar con amigosAmbasRomanticas Introvertid@,58
21MujerPopNinguno MusicaAmbasMisterioIntrovertid@,72
19MujerPopAtletismoTocar el saxofon AmbasTodosIntrovertid@,352
22MujerIndieFutbol DocumentalesAmbasCiencia ficcion Extrovertid@,222
20HombrePopPole danceVideojuegosAmbasIntrigaExtrovertid@,58
21MujerRockNingunoHacer ejercicioSeriesComediasExtrovertid@,107
20MujerIndieNingunoLas peliculasPeliculasThrillerExtrovertid@,107
18MujerElectronica SenderismoCorrerAmbasDrama Extrovertid@,352
25MujerPopFutbolJugar Xbox AmbasAccion Extrovertid@,222
25HombreIndieGolfPlayStation AmbasComediaIntrovertid@,352
20MujerPopFutbolNetflixAmbasAccion Introvertid@,222
19HombreReggaeton NingunoLeerAmbasAccionIntrovertid@,58
22MujerPopGimnasioLa montanaAmbasComediaIntrovertid@,352
21MujerBandaNinguno LeerAmbasAccionExtrovertid@,222
20HombrePopFutbolLeerSeriesDramaIntrovertid@,58
22HombreTrapTennisVideoJuegosAmbasDramaIntrovertid@,72
20MujerHousePescaMusicaSeriesCrimenIntrovertid@,72
25HombrePopFutbol VideojuegosSeriesSuspenseIntrovertid@,222
19MujerNo tengo FutbolPatinar con long AmbasDibujos animadosExtrovertid@,352
25MujerElectro latinoNinguno CosturaPeliculasMisterioIntrovertid@,72
19HombreReggaetonNingunoCervezaAmbasRomanticasExtrovertid@,107
22HombrePopTocho bandera Hacer deporte SeriesComedia Extrovertid@,107
21MujerBandaSurfFotografia SeriesDrama Introvertid@,222
21MujerTodoFutbol NetflixAmbasComediaIntrovertid@,352
18HombreIndieCorrer Netflix SeriesRomanticas Extrovertid@,107
19MujerReggaetonGimnasioFiestaAmbasAccion Introvertid@,222
19HombreElectronicaFutbol CantarAmbasDramaExtrovertid@,352
19MujerHeavy metalTennisFotografia PeliculasAccion Extrovertid@,222
21MujerReggaeton FutbolBailarAmbasCiencia ficcion Extrovertid@,222
19MujerPopFutbol Hacer deporte AmbasDramaExtrovertid@,352
19HombreTodoVolleyballBailePeliculasMedicasExtrovertid@,58
20MujerIndieDeporte en casaHacer ejercicio AmbasTodosExtrovertid@,107
18MujerElectronica Volleyball cocinar AmbasComediaIntrovertid@,352
19MujerPopNingunoDibujarAmbasTerrorExtrovertid@,72
20MujerReggaeton FutbolEstudiarAmbasRom-comsIntrovertid@,222
25HombreHip hopFutbolLeerAmbasSuspenso Introvertid@,58
25MujerRapFutbolEscribirAmbasSuspensoIntrovertid@,222
22HombreRapRunningMaquillaje SeriesRom-comsExtrovertid@,107
17MujerPopVolleyballCocinarAmbasDramaExtrovertid@,352
20HombreReggaetonFutbol LeerAmbasRomanticasExtrovertid@,58
19MujerMetalFutbol DeportesSeriesSuspenseIntrovertid@,222
22MujerRockNingunoLa montanaSeriesHumorExtrovertid@,107
20MujerRockAndar Estar al aire libreSeriesMisterioIntrovertid@,107
19HombreRockNatacionGamingAmbasThrillerIntrovertid@,58
18MujerPopNinguno CineSeriesRomanticasIntrovertid@,107
19MujerTodoGimnasioMusicaSeriesComediaExtrovertid@,107
25MujerUrbanoFutbol Futbol AmbasAmorExtrovertid@,222
18MujerTrapRugbyLa musica AmbasComediaExtrovertid@,352
21MujerReggaetonVolleyballVideojuegosPeliculasSitcomsExtrovertid@,107
24MujerPopNingunoIdiomas AmbasComedia Extrovertid@,352
20MujerReggaeton NingunoTocar el saxofon AmbasTerrorIntrovertid@,72
19MujerPunkAtletismoDibujarAmbasAnimeExtrovertid@,72
25HombrePop BaseballEscuchar musicaAmbasSitcomsExtrovertid@,58
21MujerReguetonFutbol EscribirAmbasAnimeIntrovertid@,222
23MujerRapDeportes de montanaTocar guitarraPeliculasIntriga Extrovertid@,107
24HombreIndie Atletismo DibujarAmbasComedia Introvertid@,352
19HombreElectronica BaloncestoVer peliculas AmbasComedia Extrovertid@,107
19HombreRapFutbolLeerSeriesAccion Extrovertid@,58
20MujerPopVolleyballVideojuegosAmbasSuspenseExtrovertid@,352
21HombreTodoGymCocinar AmbasAccion Introvertid@,58
19HombreHip hopVolleyballEstar con mi familia AmbasRom-comsIntrovertid@,352
19MujerFlamenco Futbol DibujarAmbasThrillerExtrovertid@,352
