21HombreElectronicaVolleyballVideojuegosPeliculasThrillerIntrovertid@,223
25HombreElectronicaFutbolVideojuegosAmbasAccionExtrovertid@,223
20MujerTodoSurfGuitarraSeriesThrillerExtrovertid@,344
23HombreHip hopNingunoFiestaSeriesComediaExtrovertid@,223
21MujerTrapNingunoPasar tiempo en la naturaleza AmbasRomanticas Extrovertid@,208
20MujerRockTennisTocar guitarraPeliculasComediaIntrovertid@,208
19MujerTechnoGimnasiaFotografiaSeriesTerrorExtrovertid@,344
23HombreMetalCalisteniaBateria SeriesComedia Introvertid@,208
21HombrePopCriketEstudiarPeliculasDramaIntrovertid@,223
22MujerRockBaloncestoCervezaAmbasThrillerExtrovertid@,344
25HombreReggeaton Surf Videojuegos SeriesAccion Extrovertid@,223
22MujerChillVolleyball LeerAmbasAccion Extrovertid@,195
21MujerReggaetonVolleyballTocar el saxofon AmbasComedia Extrovertid@,208
19MujerReggaeton VolleyballPasar con amigos AmbasRom-comsExtrovertid@,208
23MujerPopGimnasioLas peliculasAmbasSuspenseExtrovertid@,344
21MujerReggaetonNatacionNetflix SeriesThrillerIntrovertid@,208
21MujerPopEjercicio en casaEscribirSeriesAccionExtrovertid@,344
22MujerPopSenderismoSalir a tomar algoSeriesSitcomsExtrovertid@,208
21MujerHeavy metalNatacionScrapbookingAmbasSitcomsIntrovertid@,208
21MujerRapGimnasioMuchos AmbasThrillerExtrovertid@,344
22MujerHardcoreYogaFotografia PeliculasThrillerIntrovertid@,208
22HombrePopDeportes de montanaLa montanaAmbasComedia Extrovertid@,223
22MujerIndieNingunoCineAmbasDramaExtrovertid@,344
20MujerPopGimnasioHobbieSeriesComediaExtrovertid@,195
20MujertechnoNingunoReposteriaAmbasAmorIntrovertid@,208
20MujerPopCorrer Tejer SeriesComedias Extrovertid@,195
21MujerNo tengoGimansioLeerAmbasTerrorIntrovertid@,195
22MujerPopRugbyCineAmbasThriller Extrovertid@,344
21MujerPopNatacion BaileAmbasRomanticas Introvertid@,208
21MujerPopNinguno LeerAmbasRomanticas Extrovertid@,195
22MujerReggaeton Ninguno Ver series SeriesDrama Introvertid@,344
22MujerNo tengo Ninguno BailarAmbasCiencia ficcion Extrovertid@,344
22MujerNo tengo Ninguno BailarAmbasCiencia ficcion Extrovertid@,344
20MujerPopGimnasioCocinarAmbasDrama Extrovertid@,344
25HombreIndieVolleyballGamingSeriesDibujos animadosIntrovertid@,223
17MujerIndieVolleyballVideojuegos AmbasHistoria Introvertid@,208
23MujerPopPole danceBailarAmbasComediaExtrovertid@,195
19MujerRockBaileLeer AmbasDramaIntrovertid@,195
20MujerIndieNingunoCantarAmbasTerrorIntrovertid@,344
21MujerPopNingunoCantarAmbasRomanceIntrovertid@,344
21MujerPopDanzaLeerAmbasPoliciacasExtrovertid@,195
23MujerRockNingunoIdiomas AmbasSuspensoExtrovertid@,344
23HombrePunkAtletismo Dibujo SeriesDramaIntrovertid@,223
20MujerRockTennisTocar guitarraPeliculasComediaIntrovertid@,208
21MujerPopPilatesLeerAmbasMisterioExtrovertid@,344
25MujerPopNingunoTeatroAmbasThrillerExtrovertid@,344
19MujerElectronica Tocho bandera Tocho Bandera AmbasAccion Introvertid@,208
18MujerPopSenderismoEstar con mi familia SeriesDrama Extrovertid@,344
23Hombreindie NingunoFotografiaAmbasAccion Introvertid@,223
21MujerIndieVolleyballLeerAmbasRom-comsIntrovertid@,195
21MujerIndieNatacionEstar al aire libreSeriesRomanticasIntrovertid@,208
20MujerR&BCrossFitHacer ejercicioPeliculasSuspensoIntrovertid@,208
19MujerPopNingunoLa musicaPeliculasRomanticasExtrovertid@,344
19MujerIndieTenniscocinar AmbasSuspensoExtrovertid@,344
19HombreSkaFutbolPcAmbasAccionIntrovertid@,223
18HombreRapNingunoLeerAmbasMisterioIntrovertid@,344
22MujerIndieNingunoDibujarAmbasSuspensoIntrovertid@,344
20HombreTodoVolleyball EscribirAmbasDramaExtrovertid@,223
20HombreTodoFutbolLeerAmbasAccion Extrovertid@,223
22MujerPop NingunoPasar con mi familiaAmbasRom-comsExtrovertid@,344
20HombreTechnoCrossfitVer seriesAmbasAccion Introvertid@,223
22HombreRapFutbol Fotografia PeliculasThrillerIntrovertid@,208
21MujerRockVolleyball La musica PeliculasComediaExtrovertid@,195
19MujerElectronica Tocho bandera Tocho Bandera AmbasAccion Introvertid@,208
25HombreRockFutbol Fotografia AmbasComedia Extrovertid@,223
20MujerRockTennisTocar guitarraPeliculasComediaIntrovertid@,208
21MujerReggaetonVolleyballTocar el saxofon AmbasSuspenso Extrovertid@,208
21MujerElectronica Futbol EscribirAmbasAnimeExtrovertid@,195
21MujerReggaetonVolleyballEscuchar musica AmbasAccion Extrovertid@,208
21MujerIndieBaseballTocar el saxofon AmbasSuspensoExtrovertid@,208
21HombreCorridosFutbolVideojuegosPeliculasTerrorIntrovertid@,208
22HombreHouseGolfVideojuegosSeriesSuspensoExtrovertid@,223
21MujerPopNinguno Dibujar AmbasAnimeIntrovertid@,344
24HombreReggaeton Futbol Jugar a la consolaAmbasAccion Extrovertid@,223
20MujerReggaeton NingunoEscuchar musica PeliculasComediaExtrovertid@,208
25HombreTech HouseNingunoe-sportsAmbasTerror PsicologicoIntrovertid@,223
24HombreRockFutbolHacer deporte AmbasSuspenso Introvertid@,208
21HombreReaggeton BaseballVer peliculas AmbasComediaExtrovertid@,223
25HombreMetalFutbol GymAmbasThrillerIntrovertid@,223
25HombrePunkFutbolEl GimnasioSeriessuspensoExtrovertid@,223
22HombreRapFutbolHacer ejercicio AmbasAccionExtrovertid@,223
21MujerPopHitDibujarAmbasRomanceExtrovertid@,195
25HombreBandaFutbol VideojuegosAmbasTodosIntrovertid@,208
19MujerFlamenco BaileHobbieSeriesCriminal Extrovertid@,344
23HombreTrap CiclismoJugar Xbox AmbasComedia Extrovertid@,223
24HombreSalsaFutbolVideojuegosSeriesMisterioIntrovertid@,208
25HombreUrbanoRunningDeportesPeliculasPolicialIntrovertid@,223
22HombreReggaeton Futbol Cocinar AmbasAccion Extrovertid@,223
22HombreRock FutbolGimnasioAmbasThrillerExtrovertid@,223
19MujerR&BNingunoLeerPeliculasAccion Introvertid@,344
19MujerPop NingunoBailarAmbasAmorExtrovertid@,344
20MujerPopNingunoEstudiar japones PeliculasTerror Introvertid@,344
20MujerReggaeton Ninguno CocinarAmbasRomanticas Extrovertid@,344
19MujerLatinoVolleyball Estar con amigosAmbasComedia Extrovertid@,195
24MujerReggaetonGimnasia RitmicaViajarPeliculasSuspenseIntrovertid@,208
19MujerPopTennisLeerAmbasAccion Introvertid@,195
20MujerR&BVolleyballDibujarAmbasComediasIntrovertid@,208
19MujerAlternativoEsgrimaMusicaSeriesCrimenIntrovertid@,208
20MujerRockNinguno Cantar AmbasRom-comsIntrovertid@,344
19MujerRockKarateDibujarAmbasRom-comsIntrovertid@,208
19MujerIndependiente AtletismoCocinarAmbasRom-comsExtrovertid@,344
20MujerElectro latinoVolleyballLeerPeliculasRom-comsExtrovertid@,223
19MujerPopNingunoCorrerSeriesComediaExtrovertid@,344
19MujerPop EsgrimaTocar violin AmbasComediaIntrovertid@,208
20MujerPopVolleyball LeerAmbasAccionIntrovertid@,195
21MujerPopNinguno Dibujar AmbasAnimeIntrovertid@,344
19MujerPopNingunoCorrerSeriesComediaExtrovertid@,344
19MujerPopNingunoVer seriesSeriesComediaExtrovertid@,344
25HombreBandaFutbol VideoJuegosAmbasTodosIntrovertid@,208
19MujerReggaetonNingunoleerSeriescrimenExtrovertid@,344
19MujerPopGymLeerSeriesDramaExtrovertid@,195
19MujerPopNo practico LeerPeliculasRomanticasExtrovertid@,195
20MujerPopNingunoLeerSeriesRomanticasExtrovertid@,195
24HombreRockFutbolHacer deporte AmbasSuspenso Introvertid@,208
25HombreEDMGymPatinar con long AmbasComedia Extrovertid@,223
19MujerReggaetonNingunoleerSeriescrimenExtrovertid@,344
19MujerRapNadaToco guitarraSeriesComedia Extrovertid@,195
22HombreReggaeton Futbol Cocinar AmbasAccion Extrovertid@,223
25HombreMoombathonGimnasioDjPeliculasAccion Extrovertid@,223
25HombreBandaFutbol VideoJuegosAmbasTodosIntrovertid@,208
22HombreRockFutbolGimnasioAmbasCiencia ficcion Extrovertid@,223
21MujerPopRunningDormirAmbasRomanticasIntrovertid@,208
20MujerReggaetonGimnasioBaileSeriesCiencia ficcion Extrovertid@,344
19HombrePopFutbolLeerSeriesFantasiaIntrovertid@,223
19MujerRockYogaCineAmbasComedia romanticaExtrovertid@,344
18MujerRapJudoLa montanaPeliculasComediaExtrovertid@,195
19MujerPopZumbaVer seriesSeriesDrama Extrovertid@,195
18MujerNingunoBaloncesto DeportePeliculasDramaIntrovertid@,344
19HombreTrapBaloncestoBaloncestoAmbasSuspenseExtrovertid@,223
19MujerPopDeporte en casaEscuchar musicaSeriesAmor adolescenteExtrovertid@,344
18MujerPopNinguno Ver seriesSeriesDramaIntrovertid@,344
18HombrePopCaminar DocumentalesSeriesIntriga Introvertid@,223
19MujerIndieGimnasioLeerSeriesRomanticasIntrovertid@,195
20MujerPopBaloncesto LeerSeriesSuspensoIntrovertid@,195
19HombreElectronicaCorrerCocinarPeliculasCiencia ficcionIntrovertid@,223
18MujerPopAtletismoMusicaAmbasThrillerIntrovertid@,344
20HombreHip hopNatacionSenderismoAmbasAccionExtrovertid@,223
21MujerIndie Andar MusicaSeriesAccionExtrovertid@,344
21MujerIndieGimnasioLeerSeriesDramaIntrovertid@,195
19MujerPopVolleyballCorrerAmbasAccionIntrovertid@,208
18MujerRockNingunoBailarAmbasMisterioIntrovertid@,344
21MujerNo tengo Correr Maquillaje AmbasComedia Introvertid@,208
19HombreTrapBaloncestoBaloncestoAmbasSuspensoExtrovertid@,223
18MujerPopAerobicEl movilSeriesPoliciacasExtrovertid@,195
25MujerRockCapoeiraViajarAmbasComedia Extrovertid@,195
18MujerPopCiclismoLeerSeriesMedicasIntrovertid@,195
19MujerIndieNingunoVer seriesSeriesComediaIntrovertid@,208
19MujerRapGimnasioCosturaSeriesMisterio Extrovertid@,344
20HombreRockGimnasioLeerPeliculasHumorExtrovertid@,223
20MujerPopVelaMusicaSeriesJuvenilIntrovertid@,208
22MujerSalsaFutbol CosturaPeliculasComediaExtrovertid@,195
18HombrePopFutbol Futbol AmbasCiencia ficcion Extrovertid@,223
20HombreTodoFutbol PlayStation SeriesDrama crimen Introvertid@,208
19HombreElectronica Futbol PlayStation AmbasCiencia Ficcion Introvertid@,208
24HombreBaladas FutbolNetflix SeriesComedias romanticas Extrovertid@,223
19HombreTrapFutbol Video juegos AmbasComedia Introvertid@,223
20HombreReggaetonFutbol DibujarAmbasMisterioExtrovertid@,223
19HombreElectronica Futbol PlayStation AmbasTerrorExtrovertid@,223
22MujerPopVolleyball LeerAmbasRom-comsExtrovertid@,195
20HombrePopFootballDeportesSeriesMisterioExtrovertid@,223
19HombreReggaeton Futbol PlayStation AmbasCiencia ficcion Introvertid@,208
20HombreMusica urbanaVolleyball Videojuegos AmbasMisterioIntrovertid@,223
19HombreReguetonTennisVideojuegosSeriesDramaIntrovertid@,223
25HombreRockFutbolVer series SeriesThrillerExtrovertid@,223
20HombreReggaetonVolleyballDibujarPeliculasTodasExtrovertid@,223
19HombreElectronicaFutbolProgramarSeriesSuspensoExtrovertid@,223
20MujerUrbano PescaCocinarPeliculasComediaExtrovertid@,195
22HombrePopFutbol Futbol AmbasMisterioIntrovertid@,208
18HombreRockFutbolNetflixPeliculasTerrorExtrovertid@,223
20HombreRapFutbolVideojuegosSeriesComediaIntrovertid@,223
18HombreElectronica Futbol PlayStation AmbasAccion Extrovertid@,223
20HombreIndieFutbolEscuchar musicaAmbasDramaExtrovertid@,223
18HombreElectronica Futbol PlayStation AmbasAccion Extrovertid@,223
19MujerPopYogaLeerSeriesDramaExtrovertid@,195
22HombrePopFutbol Futbol AmbasMisterioIntrovertid@,208
25HombreEDMGymPatinar con long AmbasComedia Extrovertid@,223
21MujerIndieGimnasioNetflixAmbasIntrigaIntrovertid@,208
19MujerPopAtletismoViajarPeliculasIntrigaIntrovertid@,208
25MujerRockCapoeiraViajarAmbasComedia Extrovertid@,195
22MujerRockNatacionCantarSeriesMisterioIntrovertid@,344
22HombreRap Futbol PlayStation AmbasComedia Extrovertid@,223
19MujerReggaetonNingunoLeerSeriesIntrigaExtrovertid@,344
20MujerPopEjercicio en casaLeerAmbasRomanticasExtrovertid@,195
21HombreSalsaVolleyball CorrerSeriesAccionIntrovertid@,223
19MujerIndieYogaLeerSeriesMisterioExtrovertid@,344
22MujerReggaetonVolleyball LeerAmbasDramaIntrovertid@,195
20MujerCorridosNinguno Tocho Bandera AmbasMisterioExtrovertid@,344
20MujerElectronicaFutbol ViajarSeriesComedias romanticas Introvertid@,208
21MujerPopNingunoDibujarAmbasSuspensoExtrovertid@,344
19HombreIndiePilatesEl movilSeriesCriminal Extrovertid@,223
20MujerTechnoFutbol Videojuegos PeliculasTodasExtrovertid@,195
20MujerLatinoCapoeiraPcAmbasAccion Extrovertid@,195
24MujerChillGimnasioCosturaPeliculasTerrorExtrovertid@,344
25MujerPop YogaLeerSeriesFantasiaExtrovertid@,195
24HombrePopCorrer ViajarAmbasComedia Extrovertid@,223
21MujerPopFutbol LeerAmbasComediaExtrovertid@,195
20HombrePopBaileLeerAmbasAccionExtrovertid@,223
22HombreEDMFutbolVer seriesPeliculasAccion Extrovertid@,223
25MujerRockNingunoHobbieAmbascrimenExtrovertid@,344
24MujerMusica urbanaNingunoleerAmbasSuspensoIntrovertid@,344
18MujerPopVolleyball CocinarPeliculasCiencia ficcionExtrovertid@,344
21MujerR&BNinguno PlayStation SeriesThrillerIntrovertid@,344
23MujerRockGimnasiaLeerAmbasComedia Introvertid@,195
22MujerTrapHitLeer PeliculasDramaExtrovertid@,195
25MujerReggeaton RunningLeerSeriesDramaIntrovertid@,208
20HombrePopNingunoTocar el saxofon AmbasSuspensoExtrovertid@,344
22MujerPopNingunoReposteriaPeliculasComediaExtrovertid@,208
19HombreTrapFutbolLeerSeriesThriller Extrovertid@,223
21MujerPopFutbolBateria AmbasComediaIntrovertid@,208
20HombreRapGimnasioLeerSeriesThrillerIntrovertid@,223
22HombreR&BFutbol CocinarSeriesRomanceIntrovertid@,208
25HombreReggaetonNingunoBaileAmbasAccion Extrovertid@,344
18MujerReggaeton DanzaCorrerSeriesRom-comsExtrovertid@,195
21MujerMetalGymFotografiaPeliculasMisterioExtrovertid@,344
23MujerElectronica Volleyball CineAmbasMisterio Introvertid@,344
22MujerRockBaseballJugar a la consolaPeliculasPoliciacasExtrovertid@,195
23MujerR&BNingunoDormirAmbasComedia Extrovertid@,195
19MujerPopNadaScrapbookingAmbasSuspenso Introvertid@,344
20MujerPopFutbol GimnasioAmbasAccion Introvertid@,208
19HombreRockFutbol Dibujar AmbasAmorExtrovertid@,223
19HombreRockNingunoMusicaAmbasSuspensoExtrovertid@,344
22MujerEDMFutbol Dibujar AmbasComedia Introvertid@,208
21MujerPopFutbol LeerAmbasAccion Introvertid@,195
20HombrePopFootballLeerAmbasComedia Extrovertid@,223
19HombreRockZumbaVer seriesSeriesTerrorExtrovertid@,223
19HombreReggaetonBaileBaloncestoSeriesCiencia ficcion Extrovertid@,223
19MujerPopFutbolToco guitarraSeriesComedia romanticaExtrovertid@,208
22HombreReggaeton Tocho bandera Escuchar musica AmbasMisterioExtrovertid@,223
25MujerNo tengoNatacionTocar violin SeriesDramaExtrovertid@,344
19HombrePopNatacionLa montanaSeriesIntrigaExtrovertid@,344
19MujerPopNingunoVer seriesAmbasAccion Introvertid@,344
20MujerPopNingunoFotografia AmbasAccionIntrovertid@,208
21MujerRock Futbol NetflixAmbasAccionExtrovertid@,195
18HombreElectronica TennisVer series SeriesDramaIntrovertid@,223
21HombrePopFutbolCocinar AmbasRomanticasIntrovertid@,208
22HombreElectronicaVolleyballJugar Xbox SeriesMisterioExtrovertid@,223
22HombrePopGimnasia RitmicaLa montanaSeriesTerrorIntrovertid@,223
18MujertechnoRugbyNetflixAmbasComediaIntrovertid@,208
21MujerTrapVolleyballFotografiaAmbasDramaIntrovertid@,208
19MujerElectronicaNatacionEscuchar musicaAmbasCrimenExtrovertid@,344
22MujerRapFutbolPlayStation SeriesRomanticasExtrovertid@,208
21HombreElectronica GolfCocinar AmbasRomanticasExtrovertid@,223
18HombreReggaeton NingunoSalir a tomar algoAmbasCiencia ficcion Extrovertid@,223
21MujerTech HouseCiclismoLeerAmbasTerror Introvertid@,195
22HombrePunkFutbol LeerAmbasSuspenseExtrovertid@,223
21HombreRapCalisteniaPlayStation PeliculasCiencia ficcion Introvertid@,223
18MujerPopNingunoVideo juegos AmbasDrama Introvertid@,344
20MujerPopAerobicSenderismoSeriesDramaExtrovertid@,195
20MujerUrbano GimansioGymAmbasSuspensoExtrovertid@,344
19MujerPopNatacionLeerSeriesComediaExtrovertid@,195
22MujerRockNingunoTocar guitarraAmbasAccionExtrovertid@,344
21HombreElectro latinoNinguno DeportesSeriesRom-comsIntrovertid@,208
20HombreBandaDeportes de montanae-sportsPeliculasDrama Introvertid@,223
22MujerReggaetonNinguno DibujarAmbasAccion Extrovertid@,344
20MujerSalsaFutbol Estudiar japones SeriesComediaExtrovertid@,208
19MujerRockNingunoFutbol SeriesMedicasIntrovertid@,344
18MujerIndieFutbol Ver series AmbasSuspensoIntrovertid@,208
22HombrePopPescaCantar AmbasCiencia ficcion Extrovertid@,223
22MujerIndieBaloncestoLeerPeliculasAccionExtrovertid@,195
20HombreNingunoSurf GuitarraPeliculasTerrorExtrovertid@,344
19MujerPopNingunoCantarSeriesTodosIntrovertid@,344
20MujerTrapNingunoCocinarAmbasAmorIntrovertid@,344
21MujerPopVolleyball DjAmbasAccionIntrovertid@,208
22MujerPopTennisTeatroSeriescrimenIntrovertid@,208
19HombreTodoFutbolMusicaPeliculasSuspensoExtrovertid@,223
21MujerPopFutbolPasar con amigos AmbasRomanticas Introvertid@,208
21HombreTrap Volleyball VideojuegosPeliculasThrillerExtrovertid@,223
19MujerTodoVolleyball LeerPeliculasComediaIntrovertid@,195
21HombreReggaeton GimnasioVideojuegos AmbasThrillerExtrovertid@,223
19MujerPopVolleyballLeerAmbasComedia Introvertid@,195
19MujerRockFutbol ProgramarPeliculasHumorIntrovertid@,208
21HombreTechnoSenderismoFotografia PeliculasComedia Extrovertid@,223
21HombreReggaeton FutbolBaloncestoSeriesThrillerExtrovertid@,223
18MujerRockBaloncestoDeportesAmbasComediaExtrovertid@,195
19MujerPop Tocho bandera VideojuegosSeriesAccion Introvertid@,344
20HombreRapTennisNetflix SeriesThrillerExtrovertid@,223
22MujerPopTennisCocinarSeriesPoliciacasIntrovertid@,208
25HombreIndieVelaVideojuegosSeriesComediaExtrovertid@,223
21HombreRapGimnasioDibujarAmbasRomanticasExtrovertid@,223
25HombreIndieGimnasioBailarSeriesTodosIntrovertid@,223
20HombreMetalGimnasioHobbieAmbasAccion Introvertid@,223
25MujerReggaetonVolleyballVideojuegosAmbasAccion Introvertid@,208
20MujerTodoFutbolBailarAmbasComedia Extrovertid@,195
19HombreAlternativoFutbol DibujarAmbasComediaExtrovertid@,223
19HombreRockNingunoVideoJuegosAmbasComediaExtrovertid@,223
20MujerIndependiente CapoeiraPlayStation AmbasComedia Introvertid@,208
20MujerBandaFutbol VideojuegosAmbasRom-comsExtrovertid@,195
19MujerPopBaloncesto Escuchar musica AmbasDramaIntrovertid@,208
25MujerRapFutbol LeerAmbasMisterioIntrovertid@,195
20HombrePopFutbolEscribirAmbasRom-comsIntrovertid@,223
25HombrePopCrossFitVideojuegosAmbasTodosExtrovertid@,223
24MujerElectronica Futbol LeerPeliculasThrillerIntrovertid@,195
19MujerReguetonVolleyballTocar guitarraAmbasComedia Introvertid@,208
23HombrePopRunningDeporteAmbasTerrorExtrovertid@,223
19HombreRockBaloncestoBailarPeliculasIntrigaExtrovertid@,223
20MujerRockVolleyballEscribirSeriesRomanticasIntrovertid@,208
21MujerReggaeton Deporte en casaFutbol AmbasSitcomsExtrovertid@,195
19MujerPopEsgrimaHacer ejercicio AmbasRom-comsIntrovertid@,208
19HombreRapNinguno Patinar con long AmbasComediaExtrovertid@,223
19HombreReggaetonGymVideojuegos AmbasComedia Extrovertid@,223
19HombreElectronica VolleyballMaquillaje SeriesRomanticas Extrovertid@,223
19MujerSkaNinguno Ver seriesSeriesRomanticas Extrovertid@,344
21MujerPopNingunoViajarSeriesSuspenseIntrovertid@,344
18HombrePunkFutbolPasar con mi familiaAmbasComedia Extrovertid@,223
18MujerHip hopNingunoHacer deporte SeriesAccion Extrovertid@,344
18MujerRockAndar DibujarAmbasDibujos animadosIntrovertid@,344
22MujerRockNingunoMuchos AmbasDramaExtrovertid@,344
19HombreReggaetonTennisGimnasioAmbasThrillerIntrovertid@,223
24MujerHip hopNingunoPlayStation SeriesSuspenso Introvertid@,344
21MujerHeavy metalAtletismoLeerAmbasDrama Extrovertid@,195
19MujerPopFutbolVideojuegosSeriesRom-comsIntrovertid@,208
19MujerReggaeton JudoMusicaAmbasTerror PsicologicoIntrovertid@,344
20Mujerindie VolleyballCineAmbasCiencia Ficcion Extrovertid@,208
21MujerIndieGimnasioEscuchar musicaSeriesAccion Introvertid@,208
18HombrePopNingunoTocho Bandera AmbasSuspenso Extrovertid@,344
25MujerNo tengo GimnasioLeerPeliculasRom-comsExtrovertid@,195
22MujerRapPole danceMusicaAmbasComediaExtrovertid@,195
25HombreIndieNingunoGamingSeriesComediaExtrovertid@,223
23HombreIndieFutbolPlayStation AmbasSitcomsExtrovertid@,208
19HombreRockNingunoFotografia AmbasHistoria Extrovertid@,344
22MujerUrbanoEsgrimaCantarAmbasComediaExtrovertid@,195
19MujerPop CiclismoTocar guitarraSeriesAnimeIntrovertid@,344
22MujerRockNingunoEstudiarAmbasRomanticas Introvertid@,208
21MujerPopSenderismoLa musica PeliculasAccionIntrovertid@,208
20MujerPopYogaDibujarAmbasComedia Introvertid@,208
17MujerElectronica NingunoTocar el saxofon AmbasThrillerExtrovertid@,344
21MujerPopBaseballPasar tiempo en la naturaleza SeriesSuspenseIntrovertid@,208
20MujerRap Futbol VideoJuegosAmbasDramaIntrovertid@,208
18HombreIndieAtletismoFutbol PeliculasThrillerExtrovertid@,223
20MujerBandaFutbolHacer deporte PeliculasComediaExtrovertid@,195
22MujerNo tengo Futbol PlayStation AmbasAccion Introvertid@,208
25MujerTodoCorrer Ver seriesAmbasMisterioIntrovertid@,344
19MujerReggaetonCrossfitEstar con mi familia AmbasThrillerExtrovertid@,344
25MujerFlamenco NingunoFiestaAmbasDrama Introvertid@,344
22HombreElectronica FutbolEstar al aire libreAmbasIntrigaIntrovertid@,208
19HombreHouseVolleyballNetflix AmbasComediasExtrovertid@,223
19MujerRockVolleyballVideojuegosAmbasComedias Introvertid@,208
23HombrePopNatacionBailarPeliculasRom-comsIntrovertid@,223
24MujerReaggeton CriketLeerSeriesDramaIntrovertid@,195
25MujerIndieGimnasioDocumentalesAmbasDramaExtrovertid@,195
18MujerReggaetonVolleyballHacer ejercicioPeliculasJuvenilExtrovertid@,195
21HombrePopAtletismoIdiomas AmbasAnimeIntrovertid@,208
23HombrePopCaminar CorrerAmbasThrillerExtrovertid@,223
21MujerIndieNinguno cocinar AmbasComediaExtrovertid@,344
19MujerPopNinguno CineAmbasMisterioExtrovertid@,344
20MujerPopSurfDibujo AmbasIntriga Extrovertid@,195
21MujerRockFutbolCantarPeliculasSuspensoIntrovertid@,208
19HombreRockBaloncesto CocinarPeliculasRomanceIntrovertid@,223
20HombreBaladas GimnasioPatinar con long AmbasCiencia ficcion Extrovertid@,223
20MujerElectronicaFutbol Tejer AmbasAccion Introvertid@,195
23HombreReggaetonCorrerBailarSeriesCiencia ficcion Introvertid@,223
20MujerMoombathonKarateLeerAmbasAnimeIntrovertid@,208
19MujerPopFutbol ViajarAmbasComediaExtrovertid@,195
21MujerNo tengo Natacion Tocar el saxofon SeriesPolicialExtrovertid@,208
20MujerIndieVolleyballBailePeliculasAccion Extrovertid@,195
25HombrePopGymCosturaSeriesMisterioExtrovertid@,344
19MujerIndieTennisLeerSeriessuspensoIntrovertid@,344
19HombreRockAtletismo Ver peliculas AmbasAccion Introvertid@,208
20HombreHardcoreFutbolEscribirSeriesComedia Extrovertid@,223
25MujerReggaetonNo practico El GimnasioSeriesDrama crimen Introvertid@,208
25MujerReggaeton Ninguno La musicaAmbasAmor adolescenteExtrovertid@,344
22HombrePopFutbol CervezaSeriesSuspensoExtrovertid@,223
19HombrePopFutbol Las peliculasSeriesTerrorIntrovertid@,223
19HombreIndie GimnasioEstar con amigosAmbasMisterioExtrovertid@,344
21HombrePopNatacion CocinarSeriesThrillerIntrovertid@,223
20MujerPopTennisTeatroAmbasMisterioIntrovertid@,344
25HombreNo tengo Futbol Ver seriesAmbasComediaExtrovertid@,223
25MujerRockFutbolLa musicaSeriesSuspensoIntrovertid@,208
22MujerRockNingunoCantarAmbasComedia Introvertid@,208
18MujerNo tengo FutbolLeerSeriesComedias Extrovertid@,195
22HombreRockVolleyballBailarSeriesTerror PsicologicoExtrovertid@,223
23HombrePopCiclismoSalir a tomar algoSeriesCiencia Ficcion Extrovertid@,223
19HombreIndieNingunoEscuchar musica AmbasSuspenso Extrovertid@,344
20MujerPopCorrerVideojuegosAmbasAccionExtrovertid@,195
19MujerReggaetonNingunoPlayStation AmbasThrillerExtrovertid@,344
20MujerReaggeton VolleyballCantar AmbasAccion Extrovertid@,223
23MujerPopBaloncestoPlayStation SeriesMisterioIntrovertid@,344
19MujerElectronica AtletismoCineAmbasComedia Extrovertid@,208
20MujerReggaetonBaloncestoPasar con mi familiaAmbasCiencia ficcion Extrovertid@,208
22MujerRapTennisMuchos SeriesAccion Introvertid@,208
21MujerPopGimnasioTocar violin AmbasComediaIntrovertid@,208
18HombreIndieNinguno FotografiaPeliculasRomanticasExtrovertid@,223
18MujerReggaeton Futbol Fotografia AmbasComediaExtrovertid@,208
20HombreBaladas VolleyballPatinar con long AmbasRomanticasExtrovertid@,223
19HombreTrap Baloncesto Videojuegos AmbasComediaExtrovertid@,223
19MujerPopVolleyball ViajarSeriesRom-comsIntrovertid@,208
20HombrePopGimnasioPlayStation AmbasThrillerIntrovertid@,223
21HombreRockFutbolFutbol AmbasThrillerExtrovertid@,223
20HombreIndependiente NatacionBailarAmbasRom-comsIntrovertid@,223
21MujerIndieGimnasioLeerAmbasAccion Extrovertid@,195
19MujerPopFutbolVideo juegos PeliculasDrama Introvertid@,208
19HombreUrbano GimnasioTejer SeriesJuvenilIntrovertid@,223
19MujerNingunoKarateEscuchar musica SeriesSuspensoIntrovertid@,344
20MujerIndieFutbol CantarSeriesComediaExtrovertid@,195
22HombreTech HouseGimnasioVer seriesSeriesPoliciacasIntrovertid@,223
21HombreReggaeton NatacionTocho Bandera AmbasThrillerIntrovertid@,208
19MujerPopNingunoViajarPeliculasThrillerExtrovertid@,344
21HombrePopVolleyballPlayStation AmbasRom-comsIntrovertid@,223
22HombreRockGymVideojuegosSeriesPolicialIntrovertid@,223
20MujerIndieFutbolVideojuegos PeliculasComediaExtrovertid@,195
20HombrePopGimnasioEscribirSeriesIntrigaExtrovertid@,223
19HombreSkaCriketDeporteSeriesTodosIntrovertid@,223
19HombreIndieNingunoLeerSeriesAccionIntrovertid@,344
22HombreNo tengoCrossfitEl GimnasioAmbasComediaExtrovertid@,223
20MujerPopFutbol Ver seriesAmbassuspensoIntrovertid@,208
18MujerPopEsgrimaDeportesPeliculasMisterioExtrovertid@,344
22HombrePopNingunoSenderismoAmbasHistoria Introvertid@,344
20MujerRockAerobicBailarAmbasComediaExtrovertid@,195
20MujerTechnoNinguno e-sportsPeliculasAccionExtrovertid@,344
25MujerRapGimansioVideoJuegosPeliculasTerrorIntrovertid@,344
21MujerRockVolleyballGimnasioPeliculasDrama crimen Introvertid@,208
21MujerReggaeton Futbol PlayStation SeriesAmor adolescenteExtrovertid@,208
23MujerRockVelaVer series AmbasRomanticas Extrovertid@,195
22MujerReggaetonSenderismoHobbieAmbasTerror Introvertid@,208
21MujerPopCapoeiraLeerPeliculasDramaIntrovertid@,208
25MujerMoombathonTennisEstudiar japones SeriesRomanceIntrovertid@,208
22HombrePopNingunoDibujarAmbasIntrigaExtrovertid@,344
18MujerElectronicaNingunoTocar guitarraSeriesThrillerExtrovertid@,344
19HombreElectronica TennisCocinar AmbasTerrorIntrovertid@,208
19HombreRock VolleyballCocinarPeliculasDramaIntrovertid@,223
25HombreAlternativoNingunoDjSeriesSuspensoIntrovertid@,344
22HombreRockGimnasiaProgramarSeriesMisterioIntrovertid@,344
25Mujerindie NingunoVideojuegosAmbasComedia Extrovertid@,195
21HombreRockYogaLeerSeriesRomanticas Introvertid@,223
21MujerElectronica NatacionBaloncestoPeliculasSuspensoIntrovertid@,208
19MujerPop No practico Netflix AmbasComediaExtrovertid@,208
24MujerSalsaCaminar Futbol SeriesCiencia ficcion Extrovertid@,195
19HombrePunkSurf Ver series AmbasDramaExtrovertid@,223
21MujerReggaetonCalisteniaPasar tiempo en la naturaleza PeliculasDramaExtrovertid@,208
22MujerPopNinguno LeerPeliculascrimenIntrovertid@,344
18MujertechnoNatacionTocar guitarraAmbasAccion Introvertid@,208
19HombreRap NingunoDibujo AmbasAccion Extrovertid@,344
22MujerRapJudoGymSeriesRom-comsIntrovertid@,208
21MujerElectronicaEsgrimaVideojuegosAmbasCiencia ficcion Extrovertid@,208
19HombreBandaBaloncesto GuitarraSeriesComedia Introvertid@,223
19HombreIndieVolleyball Pasar con amigos AmbasComedia Introvertid@,223
21MujerPopVolleyballBailarAmbasAnimeExtrovertid@,195
18HombreRockCiclismoEscuchar musicaAmbasAccionExtrovertid@,223
21MujerPopCrossFitLeerPeliculasDrama Extrovertid@,195
23HombreHardcoreTocho bandera Estar con amigosAmbasRomanticas Introvertid@,223
21MujerPopNinguno MusicaAmbasMisterioIntrovertid@,344
19MujerPopAtletismoTocar el saxofon AmbasTodosIntrovertid@,208
22MujerIndieFutbol DocumentalesAmbasCiencia ficcion Extrovertid@,195
20HombrePopPole danceVideojuegosAmbasIntrigaExtrovertid@,223
21MujerRockNingunoHacer ejercicioSeriesComediasExtrovertid@,195
20MujerIndieNingunoLas peliculasPeliculasThrillerExtrovertid@,344
18MujerElectronica SenderismoCorrerAmbasDrama Extrovertid@,195
25MujerPopFutbolJugar Xbox AmbasAccion Extrovertid@,195
25HombreIndieGolfPlayStation AmbasComediaIntrovertid@,208
20MujerPopFutbolNetflixAmbasAccion Introvertid@,208
19HombreReggaeton NingunoLeerAmbasAccionIntrovertid@,223
22MujerPopGimnasioLa montanaAmbasComediaIntrovertid@,208
21MujerBandaNinguno LeerAmbasAccionExtrovertid@,344
20HombrePopFutbolLeerSeriesDramaIntrovertid@,223
22HombreTrapTennisVideoJuegosAmbasDramaIntrovertid@,223
20MujerHousePescaMusicaSeriesCrimenIntrovertid@,208
25HombrePopFutbol VideojuegosSeriesSuspenseIntrovertid@,208
19MujerNo tengo FutbolPatinar con long AmbasDibujos animadosExtrovertid@,344
25MujerElectro latinoNinguno CosturaPeliculasMisterioIntrovertid@,344
19HombreReggaetonNingunoCervezaAmbasRomanticasExtrovertid@,223
22HombrePopTocho bandera Hacer deporte SeriesComedia Extrovertid@,223
21MujerBandaSurfFotografia SeriesDrama Introvertid@,208
21MujerTodoFutbol NetflixAmbasComediaIntrovertid@,208
18HombreIndieCorrer Netflix SeriesRomanticas Extrovertid@,223
19MujerReggaetonGimnasioFiestaAmbasAccion Introvertid@,208
19HombreElectronicaFutbol CantarAmbasDramaExtrovertid@,223
19MujerHeavy metalTennisFotografia PeliculasAccion Extrovertid@,344
21MujerReggaeton FutbolBailarAmbasCiencia ficcion Extrovertid@,195
19MujerPopFutbol Hacer deporte AmbasDramaExtrovertid@,195
19HombreTodoVolleyballBailePeliculasMedicasExtrovertid@,223
20MujerIndieDeporte en casaHacer ejercicio AmbasTodosExtrovertid@,195
18MujerElectronica Volleyball cocinar AmbasComediaIntrovertid@,208
19MujerPopNingunoDibujarAmbasTerrorExtrovertid@,344
20MujerReggaeton FutbolEstudiarAmbasRom-comsIntrovertid@,208
25HombreHip hopFutbolLeerAmbasSuspenso Introvertid@,223
25MujerRapFutbolEscribirAmbasSuspensoIntrovertid@,208
22HombreRapRunningMaquillaje SeriesRom-comsExtrovertid@,223
17MujerPopVolleyballCocinarAmbasDramaExtrovertid@,195
20HombreReggaetonFutbol LeerAmbasRomanticasExtrovertid@,223
19MujerMetalFutbol DeportesSeriesSuspenseIntrovertid@,208
22MujerRockNingunoLa montanaSeriesHumorExtrovertid@,344
20MujerRockAndar Estar al aire libreSeriesMisterioIntrovertid@,344
19HombreRockNatacionGamingAmbasThrillerIntrovertid@,344
18MujerPopNinguno CineSeriesRomanticasIntrovertid@,344
19MujerTodoGimnasioMusicaSeriesComediaExtrovertid@,195
25MujerUrbanoFutbol Futbol AmbasAmorExtrovertid@,195
18MujerTrapRugbyLa musica AmbasComediaExtrovertid@,208
21MujerReggaetonVolleyballVideojuegosPeliculasSitcomsExtrovertid@,195
24MujerPopNingunoIdiomas AmbasComedia Extrovertid@,344
20MujerReggaeton NingunoTocar el saxofon AmbasTerrorIntrovertid@,344
19MujerPunkAtletismoDibujarAmbasAnimeExtrovertid@,195
25HombrePop BaseballEscuchar musicaAmbasSitcomsExtrovertid@,223
21MujerReguetonFutbol EscribirAmbasAnimeIntrovertid@,208
23MujerRapDeportes de montanaTocar guitarraPeliculasIntriga Extrovertid@,208
24HombreIndie Atletismo DibujarAmbasComedia Introvertid@,223
19HombreElectronica BaloncestoVer peliculas AmbasComedia Extrovertid@,223
19HombreRapFutbolLeerSeriesAccion Extrovertid@,223
20MujerPopVolleyballVideojuegosAmbasSuspenseExtrovertid@,195
21HombreTodoGymCocinar AmbasAccion Introvertid@,223
19HombreHip hopVolleyballEstar con mi familia AmbasRom-comsIntrovertid@,223
19MujerFlamenco Futbol DibujarAmbasThrillerExtrovertid@,195
